,Hurr,PC_dEVI_1stWi,PC_dEVI_1stYear,cluster_Cl,NAME2,Clus_Acr,Wd_MedianKMh
1,ALEX_2010,-0.029753367,-0.126199579,6,ALEX_2010,West Gulf,166.68
2,BETA_2005,-0.004591134,0.001869909,2,BETA_2005,Central America,133.34
3,CHARLEY_2004,0.007556098,-0.005161747,1,CHARLEY_2004,Florida Peninsula,231.5
4,DEAN_CAMPECHE_MX_2007,-0.011568733,0.004046043,5,DEAN_QROO_MX_2007,South Gulf,235.204
5,DELTA_US_FL_2020,-0.105673515,-0.034032008,4,DELTA_US_LA_2020,Southeast US,157.42
6,DELTA_YUCATAN_MX_2020,0.059880564,0.031961191,5,DELTA_YUCATAN_MX_2020,South Gulf,166.68
7,DENNIS_CUBA_2005,0.072184276,0.013668765,3,DENNIS_CUBA_2005,Caribbean,213.9
8,DENNIS_US_FL_2005,-0.020371171,-0.027247143,4,DENNIS_US_FL_2005,Southeast US,175.94
9,EMILY_MX_YUC_2005,0.082882195,0.001820632,5,EMILY_MX_YUC_2005,South Gulf,212.98
10,EMILY_TAMPS_MX_2005,0.09074669,-0.113778281,6,EMILY_TAMPS_MX_2005,West Gulf,185.2
11,ERNESTO_MX_2012,0.004240132,-0.009115032,5,ERNESTO_MX_2012,South Gulf,138.9
12,ETA_NIC_2020,-0.138660739,-0.009323559,2,ETA_NIC_2020,Central America,175.94
13,FELIX_NIC_2007,-0.09020869,0.008273551,2,FELIX_NIC_2007,Central America,233.35
14,FRANCES_US_FL_2004,-0.033174387,-0.030495374,1,FRANCES_US_FL_2004,Florida Peninsula,157.42
15,GRACE_MX_2021,-0.015955676,-0.031944992,3,GRACE_MX_2021,Caribbean,185.2
16,GUSTAV_CUBA_2008,-0.001478333,-0.012224104,3,GUSTAV_CUBA_2008,Caribbean,236.13
17,GUSTAV_US_LA_2008,0.114359828,0.032857615,4,GUSTAV_US_LA_2008,Southeast US,171.31
18,HARVEY_US_TX_2017,-0.082610133,-0.036914433,6,HARVEY_US_TX_2017,West Gulf,194.46
19,IAN_CUBA_2022,-0.086180652,NA,3,IAN_CUBA_2022,Caribbean,197.23
20,IAN_US_FL_2022,0.011911713,NA,1,IAN_US_FL_2022,Florida Peninsula,207.42
21,IDA_US_LA_2009,-0.092650097,-0.031574852,4,IDA_US_LA_2009,Southeast US,212.98
22,IKE_US_TX_2008,0.042779654,-0.01983539,4,IKE_US_TX_2008,Southeast US,162.97
23,IOTA_NIC_2020,-0.228976588,-0.026673225,2,IOTA_NIC_2020,Central America,203.72
24,IRIS_BELIZE_2001,0.005815282,0.078159044,2,IRIS_BELIZE_2001,Central America,200.016
25,IRMA_US_FL_2017,-0.029006026,-0.022753154,1,IRMA_US_FL_2017,Florida Peninsula,178.71
26,ISABEL_US_NC_2003,0.060851359,0.023539959,4,ISABEL_US_NC_2003,Southeast US,148.16
27,ISIDORE_MX_YUC_2002,0.163330488,0.0332695,5,ISIDORE_MX_YUC_2002,South Gulf,185.2
28,IVAN_US_AL_2004,0.002888095,-0.018082636,4,IVAN_US_AL_2004,Southeast US,180.57
29,JEANNE_US_FL_2004,0.02979759,0.00041738,1,JEANNE_US_FL_2004,Florida Peninsula,185.2
30,KARL_MX_VER_2010,-0.158723571,-0.056169925,5,KARL_MX_VER_2010,South Gulf,175.94
31,KATRINA_US_LA_2005,-0.064063244,-0.061937404,4,KATRINA_US_LA_2005,Southeast US,194.46
32,LAURA_US_LA_2020,-0.058509304,-0.050431226,4,LAURA_US_LA_2020,Southeast US,219.46
33,MARIA_US_PR_2017,0.026382978,0.006643396,3,MARIA_US_PR_2017,Caribbean,212.98
34,MICHAEL_US_FL_2018,-0.124754228,-0.078813458,4,MICHAEL_US_FL_2018,Southeast US,259.28
35,MICHELLE_CUBA_2001,-0.00541853,0.034539386,3,MICHELLE_CUBA_2001,Caribbean,203.72
36,OTTO_CR_2016,-0.124799096,-0.034240411,2,OTTO_CR_2016,Central America,180.57
37,PALOMA_CUBA_2008,0.071039925,-0.045900759,3,PALOMA_CUBA_2008,Caribbean,118.52
38,RICHARD_BELICE_2010,-0.081193937,-0.050975567,3,RICHARD_BELICE_2010,Caribbean,148.16
39,RITA_US_TX_2005,0.025384914,-0.021616733,4,RITA_US_TX_2005,Southeast US,175.01
40,SALLY_US_AL_2020,-0.03052524,-0.009434858,4,SALLY_US_AL_2020,Southeast US,166.68
41,SANDY_CUBA_2012,0.000222725,0.024224057,3,SANDY_CUBA_2012,Caribbean,185.2
42,WILMA_QROO_2005,-0.03025562,-0.053034061,3,WILMA_QROO_2005,Caribbean,185.2
43,WILMA_US_FL_2005,0.023593673,-0.004354699,1,WILMA_US_FL_2005,Florida Peninsula,185.2
44,ZETA_US_LA_2020,-0.085281225,-0.064986357,4,ZETA_US_LA_2020,Southeast US,185.2
