"Clus_Acr","Wd_MedianKMh","PC_dEVI_1stWi","PC_dEVI_1stYear"
"West Gulf (WG)",166.68,-0.029753367,-0.126199579
"Central America (CA)",133.34,-0.004591134,0.001869909
"Florida Peninsula (FP)",231.5,0.007556098,-0.005161747
"South Gulf (SG)",235.204,-0.011568733,0.004046043
"Southeast US (SUS)",157.42,-0.105673515,-0.034032008
"South Gulf (SG)",166.68,0.059880564,0.031961191
"Caribbean (C)",213.9,0.072184276,0.013668765
"Southeast US (SUS)",175.94,-0.020371171,-0.027247143
"South Gulf (SG)",212.98,0.082882195,0.001820632
"West Gulf (WG)",185.2,0.09074669,-0.113778281
"South Gulf (SG)",138.9,0.004240132,-0.009115032
"Central America (CA)",175.94,-0.138660739,-0.009323559
"Central America (CA)",233.35,-0.09020869,0.008273551
"Florida Peninsula (FP)",157.42,-0.033174387,-0.030495374
"Caribbean (C)",185.2,-0.015955676,-0.031944992
"Caribbean (C)",236.13,-0.001478333,-0.012224104
"Southeast US (SUS)",171.31,0.114359828,0.032857615
"West Gulf (WG)",194.46,-0.082610133,-0.036914433
"Caribbean (C)",197.23,-0.086180652,NA
"Florida Peninsula (FP)",207.42,0.011911713,NA
"Southeast US (SUS)",212.98,-0.092650097,-0.031574852
"Southeast US (SUS)",162.97,0.042779654,-0.01983539
"Central America (CA)",203.72,-0.228976588,-0.026673225
"Central America (CA)",200.016,0.005815282,0.078159044
"Florida Peninsula (FP)",178.71,-0.029006026,-0.022753154
"Southeast US (SUS)",148.16,0.060851359,0.023539959
"South Gulf (SG)",185.2,0.163330488,0.0332695
"Southeast US (SUS)",180.57,0.002888095,-0.018082636
"Florida Peninsula (FP)",185.2,0.02979759,0.00041738
"South Gulf (SG)",175.94,-0.158723571,-0.056169925
"Southeast US (SUS)",194.46,-0.064063244,-0.061937404
"Southeast US (SUS)",219.46,-0.058509304,-0.050431226
"Caribbean (C)",212.98,0.026382978,0.006643396
"Southeast US (SUS)",259.28,-0.124754228,-0.078813458
"Caribbean (C)",203.72,-0.00541853,0.034539386
"Central America (CA)",180.57,-0.124799096,-0.034240411
"Caribbean (C)",118.52,0.071039925,-0.045900759
"Caribbean (C)",148.16,-0.081193937,-0.050975567
"Southeast US (SUS)",175.01,0.025384914,-0.021616733
"Southeast US (SUS)",166.68,-0.03052524,-0.009434858
"Caribbean (C)",185.2,0.000222725,0.024224057
"Caribbean (C)",185.2,-0.03025562,-0.053034061
"Florida Peninsula (FP)",185.2,0.023593673,-0.004354699
"Southeast US (SUS)",185.2,-0.085281225,-0.064986357
