"...1","date","NAME3","month","year","EVI_LFALLday","cluster_Cl","EVI_8dBfLF","X8dayBeforeDate","day_of_year","Cluster_NAMES"
25,2010-07-01,"ALEX",7,2010,0.35735,6,0.3535,2010-06-23,182,"West Gulf (WG)"
17,2005-10-30,"BETA",10,2005,0.59,2,0.5977,2005-10-22,303,"Central America (CA)"
5,2004-08-13,"CHARLEY",8,2004,0.4433,1,0.4649,2004-08-05,226,"Florida Peninsula (FP)"
18,2007-08-21,"DEAN_QROO_MX",8,2007,0.59435,5,0.63295,2007-08-13,233,"South Gulf (SG)"
37,2020-10-09,"DELTA_US_LA",10,2020,0.3145,4,0.332,2020-10-01,283,"Southeast US (SUS)"
38,2020-10-07,"DELTA_YUCATAN_MX",10,2020,0.6134,5,0.62885,2020-09-29,281,"South Gulf (SG)"
9,2005-07-08,"DENNIS_CUBA",7,2005,0.4648,3,0.45805,2005-06-30,189,"Caribbean (C)"
10,2005-07-10,"DENNIS_US_FL",7,2005,0.502,4,0.5,2005-07-02,191,"Southeast US (SUS)"
11,2005-07-18,"EMILY_MX_YUC",7,2005,0.6465,5,0.6595,2005-07-10,199,"South Gulf (SG)"
12,2005-07-20,"EMILY_TAMPS_MX",7,2005,0.211,6,0.207025,2005-07-12,201,"West Gulf (WG)"
28,2012-08-08,"ERNESTO_MX",8,2012,0.6408,5,0.6483,2012-07-31,221,"South Gulf (SG)"
40,2020-11-03,"ETA_NIC",11,2020,0.48835,2,0.5788,2020-10-26,308,"Central America (CA)"
19,2007-09-04,"FELIX_NIC",9,2007,0.48025,2,0.4902,2007-08-27,247,"Central America (CA)"
6,2004-09-02,"FRANCES_US_FL",9,2004,0.46495,1,0.4863,2004-08-25,246,"Florida Peninsula (FP)"
42,2021-08-19,"GRACE_MX",8,2021,0.56445,3,0.58005,2021-08-11,231,"Caribbean (C)"
20,2008-08-30,"GUSTAV_CUBA",8,2008,0.4903,3,0.5176,2008-08-22,243,"Caribbean (C)"
21,2008-09-01,"GUSTAV_US_LA",8,2008,0.3463,4,0.3614,2008-08-24,245,"Southeast US (SUS)"
31,2017-08-26,"HARVEY_US_TX",8,2017,0.38765,6,0.38485,2017-08-18,238,"West Gulf (WG)"
43,2022-09-27,"IAN_CUBA",9,2022,0.48825,3,0.5576,2022-09-19,270,"Caribbean (C)"
44,2022-09-28,"IAN_US_FL",9,2022,0.37895,1,0.41795,2022-09-20,271,"Florida Peninsula (FP)"
24,2021-08-29,"IDA_US_LA",8,2021,0.3857,4,0.4277,2021-08-21,241,"Southeast US (SUS)"
22,2008-09-13,"IKE_US_TX",9,2008,0.4414,4,0.4473,2008-09-05,257,"Southeast US (SUS)"
41,2020-11-17,"IOTA_NIC",11,2020,0.37105,2,0.4026,2020-11-09,322,"Central America (CA)"
1,2001-10-09,"IRIS_BELIZE",10,2001,0.54485,2,0.5741,2001-10-01,282,"Central America (CA)"
32,2017-09-10,"IRMA_US_FL",9,2017,0.35465,1,0.36435,2017-09-02,253,"Florida Peninsula (FP)"
4,2003-09-18,"ISABEL_US_NC",9,2003,0.4551,4,0.49605,2003-09-10,261,"Southeast US (SUS)"
3,2002-09-22,"ISIDORE_MX_YUC",9,2002,0.60655,5,0.6123,2002-09-14,265,"South Gulf (SG)"
7,2004-09-16,"IVAN_US_AL",9,2004,0.422825,4,0.4512,2004-09-08,260,"Southeast US (SUS)"
8,2004-09-26,"JEANNE_US_FL",9,2004,0.4004,1,0.41895,2004-09-18,270,"Florida Peninsula (FP)"
26,2010-09-17,"KARL_MX_VER",9,2010,0.57415,5,0.6131,2010-09-09,260,"South Gulf (SG)"
13,2005-08-29,"KATRINA_US_LA",8,2005,0.3809,4,0.38485,2005-09-21,241,"Southeast US (SUS)"
35,2020-08-27,"LAURA_US_LA",8,2020,0.45315,4,0.45995,2020-08-19,240,"Southeast US (SUS)"
33,2017-09-20,"MARIA_US_PR",9,2017,0.587,3,0.5991,2017-09-12,263,"Caribbean (C)"
34,2018-10-10,"MICHAEL_US_FL",10,2018,0.3633,4,0.4043,2018-10-02,283,"Southeast US (SUS)"
2,2001-11-04,"MICHELLE_CUBA",11,2001,0.34575,3,0.5117,2001-10-27,308,"Caribbean (C)"
30,2016-11-24,"OTTO_CR",11,2016,0.53995,2,0.572,2016-11-16,329,"Central America (CA)"
23,2008-11-08,"PALOMA_CUBA",11,2008,0.53115,3,0.5888,2008-10-31,313,"Caribbean (C)"
27,2010-10-25,"RICHARD_BELICE",10,2010,0.5352,3,0.599825,2010-10-17,298,"Caribbean (C)"
14,2005-09-24,"RITA_US_TX",9,2005,0.3887,4,0.4102,2005-09-16,267,"Southeast US (SUS)"
36,2020-09-16,"SALLY_US_AL",9,2020,0.4472,4,0.4493,2020-09-08,260,"Southeast US (SUS)"
29,2012-10-25,"SANDY_CUBA",10,2012,0.4707,3,0.4942,2012-10-17,299,"Caribbean (C)"
15,2005-10-22,"WILMA_QROO",10,2005,0.41375,3,0.5976,2005-10-14,295,"Caribbean (C)"
16,2005-10-24,"WILMA_US_FL",10,2005,0.29295,1,0.30665,2005-10-16,297,"Florida Peninsula (FP)"
39,2020-10-28,"ZETA_US_LA",10,2020,0.2463,4,0.2714,2020-10-20,302,"Southeast US (SUS)"
